{
  "cleaners": [
    {
      "id": 1,
      "name": "Emma Carter",
      "age": 18,
      "gender": "Female",
      "details": "Detail-oriented house cleaner specializing in deep cleaning and home organization. Also skilled in basic appliance maintenance.",
      "sched": "Weekends",
      "address": "Mandaue",
      "number": "09123456789",
      "rating": 4.5,
      "imageResource": "profile",
      "services": ["Cleaning Appliance", "Cleaning Service"],
      "cleanRate": 85,
      "attitudeRate": 90,
      "satisfactionRate": 88
    },
    {
      "id": 2,
      "name": "James Dawson",
      "age": 24,
      "gender": "Male",
      "details": "Specialist in appliance maintenance and repair, ensuring long-lasting performance. Also provides home cleaning for kitchens and bathrooms.",
      "sched": "Weekdays",
      "address": "Cabancalan",
      "number": "09123456789",
      "rating": 4.0,
      "imageResource": "profile",
      "services": ["Cleaning Appliance", "Cleaning Service"],
      "cleanRate": 78,
      "attitudeRate": 82,
      "satisfactionRate": 80
    },
    {
      "id": 3,
      "name": "Olivia Reyes",
      "age": 35,
      "gender": "Female",
      "details": "Experienced babysitter with a background in early childhood education and safety training. Also offers light home cleaning while babysitting.",
      "sched": "Mon-Fri",
      "address": "Talamban",
      "number": "09123456789",
      "rating": 5.0,
      "imageResource": "profile",
      "services": ["Babysitter", "Cleaning Service"],
      "cleanRate": 60,
      "attitudeRate": 95,
      "satisfactionRate": 98
    },
    {
      "id": 4,
      "name": "Daniel Martinez",
      "age": 28,
      "gender": "Male",
      "details": "Certified child caregiver with expertise in meal prep, tutoring, and child development.",
      "sched": "MWF",
      "address": "Guadalupe",
      "number": "09123456789",
      "rating": 4.8,
      "imageResource": "profile",
      "services": ["Babysitter"],
      "cleanRate": 0,
      "attitudeRate": 92,
      "satisfactionRate": 90
    },
    {
      "id": 5,
      "name": "Sophia Thompson",
      "age": 30,
      "gender": "Female",
      "details": "Trusted babysitter with years of experience ensuring a safe and engaging environment for kids. Also skilled in basic appliance cleaning.",
      "sched": "TTH",
      "address": "Mabolo",
      "number": "09123456789",
      "rating": 4.8,
      "imageResource": "profile",
      "services": ["Babysitter", "Cleaning Appliance"],
      "cleanRate": 0,
      "attitudeRate": 90,
      "satisfactionRate": 92
    },
    {
      "id": 6,
      "name": "Liam Bennett",
      "age": 21,
      "gender": "Male",
      "details": "Meticulous cleaner with expertise in eco-friendly and allergen-free cleaning solutions.",
      "sched": "Mondays",
      "address": "Maguikay",
      "number": "09123456789",
      "rating": 4.8,
      "imageResource": "profile",
      "services": ["Cleaning Service"],
      "cleanRate": 88,
      "attitudeRate": 85,
      "satisfactionRate": 87
    },
    {
      "id": 7,
      "name": "Ava Walker",
      "age": 43,
      "gender": "Female",
      "details": "Appliance cleaning expert specializing in kitchen and laundry appliances. Also offers home cleaning for kitchens and common areas.",
      "sched": "Sundays",
      "address": "SRP",
      "number": "09123456789",
      "rating": 4.8,
      "imageResource": "profile",
      "services": ["Cleaning Appliance", "Cleaning Service"],
      "cleanRate": 82,
      "attitudeRate": 78,
      "satisfactionRate": 80
    },
    {
      "id": 8,
      "name": "Michael Anderson",
      "age": 32,
      "gender": "Male",
      "details": "Versatile worker with expertise in home cleaning, appliance maintenance, and professional childcare. Known for efficiency, reliability, and friendly service.",
      "sched": "Flexible",
      "address": "Banilad",
      "number": "09123456789",
      "rating": 5.0,
      "imageResource": "profile",
      "services": ["Babysitter", "Cleaning Appliance", "Cleaning Service"],
      "cleanRate": 92,
      "attitudeRate": 95,
      "satisfactionRate": 97
    }
  ]
}
